{
	"Global" : {
		"EXTENT" : [-180,-82,180,85]
	},
	"Cuba" : {
		"EXTENT" : [-88.154297,15.686510,-69.884033,25.433353]
	},
	"Dominican Republic" : {
		"EXTENT" : [-76.464844,16.346497,-67.329712,21.279137]
	},
	"Indonesia" : {
		"EXTENT" : [79.804688,-19.518375,152.885742,21.289374]
	},
	"Jamaica" : {
		"EXTENT" : [-79.843140,16.843976,-75.275574,19.321511]
	},
	"Malaysia" : {
		"EXTENT" : [84.177246,-4.083453,120.717773,16.530898]
	},
	"Mexico" : {
		"EXTENT" : [-123.068848,12.404389,-86.528320,31.615966]
	},
	"Philippines" : {
		"EXTENT" : [97.075195,1.691649,133.615723,21.983801]
	},
	"Taiwan" : {
		"EXTENT" : [114.598389,20.899871,123.733521,25.686088]
	}
}